{
    "accuracy": 0.876116504854369,
    "precision": 1.0,
    "recall": 0.01694915254237288,
    "auc": 0.8301053797666603
}